cycles_per_sample,samples_per_ui,h_r,h_i
0,8,0.9,0
0.015625,8,0.8853553391,0.1060660172
0.03125,8,0.85,0.15
0.046875,8,0.8146446609,0.1060660172
0.0625,8,0.8,0
0.078125,8,0.8146446609,-0.1060660172
0.09375,8,0.85,-0.15
0.109375,8,0.8853553391,-0.1060660172
0.125,8,0.9,0
0.140625,8,0.8853553391,0.1060660172
0.15625,8,0.85,0.15
0.171875,8,0.8146446609,0.1060660172
0.1875,8,0.8,0
0.203125,8,0.8146446609,-0.1060660172
0.21875,8,0.85,-0.15
0.234375,8,0.8853553391,-0.1060660172
0.25,8,0.9,0
0.265625,8,0.8853553391,0.1060660172
0.28125,8,0.85,0.15
0.296875,8,0.8146446609,0.1060660172
0.3125,8,0.8,0
0.328125,8,0.8146446609,-0.1060660172
0.34375,8,0.85,-0.15
0.359375,8,0.8853553391,-0.1060660172
0.375,8,0.9,0
0.390625,8,0.8853553391,0.1060660172
0.40625,8,0.85,0.15
0.421875,8,0.8146446609,0.1060660172
0.4375,8,0.8,0
0.453125,8,0.8146446609,-0.1060660172
0.46875,8,0.85,-0.15
0.484375,8,0.8853553391,-0.1060660172
0.5,8,0.9,0
0.515625,8,0.8853553391,0.1060660172
0.53125,8,0.85,0.15
0.546875,8,0.8146446609,0.1060660172
0.5625,8,0.8,0
0.578125,8,0.8146446609,-0.1060660172
0.59375,8,0.85,-0.15
0.609375,8,0.8853553391,-0.1060660172
0.625,8,0.9,0
0.640625,8,0.8853553391,0.1060660172
0.65625,8,0.85,0.15
0.671875,8,0.8146446609,0.1060660172
0.6875,8,0.8,0
0.703125,8,0.8146446609,-0.1060660172
0.71875,8,0.85,-0.15
0.734375,8,0.8853553391,-0.1060660172
0.75,8,0.9,0
0.765625,8,0.8853553391,0.1060660172
0.78125,8,0.85,0.15
0.796875,8,0.8146446609,0.1060660172
0.8125,8,0.8,0
0.828125,8,0.8146446609,-0.1060660172
0.84375,8,0.85,-0.15
0.859375,8,0.8853553391,-0.1060660172
0.875,8,0.9,0
0.890625,8,0.8853553391,0.1060660172
0.90625,8,0.85,0.15
0.921875,8,0.8146446609,0.1060660172
0.9375,8,0.8,0
0.953125,8,0.8146446609,-0.1060660172
0.96875,8,0.85,-0.15
0.984375,8,0.8853553391,-0.1060660172
