index,h_j
0,-1.115904572e-06
1,3.822876651e-07
2,2.901686495e-08
3,9.21965658e-08
4,4.480635552e-08
5,7.238160092e-08
6,4.797481998e-08
7,8.389221551e-08
8,4.907214553e-08
9,9.032650908e-08
10,8.611998841e-08
11,3.23010322e-08
12,9.366951597e-08
13,3.27742111e-08
14,6.580911442e-08
15,7.052638128e-08
16,5.26978284e-08
17,2.821981254e-08
18,4.381493957e-08
19,2.898102321e-08
20,1.017657469e-08
21,5.136516272e-08
22,-1.957589892e-08
23,-1.090989747e-08
24,2.69788908e-08
25,-3.112447175e-08
26,3.576989586e-09
27,-4.067791187e-08
28,-6.252428341e-08
29,-5.781194681e-08
30,-2.700151765e-08
31,-6.108723894e-08
32,-9.020078955e-08
33,-4.493425e-08
34,-1.626320695e-07
35,-2.716335728e-08
36,-1.070814409e-07
37,-7.909242414e-08
38,-1.165959909e-07
39,-8.006918888e-08
40,-9.134434551e-08
41,-4.986447979e-08
42,-1.188264053e-08
43,-1.289342554e-07
44,-2.174936355e-08
45,-5.121204714e-08
46,-1.52151259e-08
47,5.803606669e-08
48,2.916152515e-08
49,-5.128931351e-09
50,3.405402739e-08
51,8.743781661e-08
52,6.94810278e-08
53,1.92442093e-07
54,1.352923773e-07
55,5.308493408e-08
56,2.780270662e-07
57,2.153379122e-07
58,2.862254492e-07
59,2.772133768e-07
60,1.676726978e-07
61,1.98950187e-07
62,4.467950623e-07
63,3.813357366e-07
64,3.044503839e-07
65,3.209887244e-07
66,2.005128129e-08
67,2.526934482e-07
68,4.049939105e-07
69,2.219730395e-07
70,7.949626474e-08
71,1.84284388e-09
72,-3.1569899e-07
73,2.15621759e-07
74,2.778083435e-08
75,-4.23177873e-07
76,-4.621869991e-07
77,-1.020998406e-06
78,-8.21198815e-07
79,-7.3786505e-07
80,-1.45587149e-06
81,-1.654415998e-06
82,-1.241682481e-06
83,7.153038481e-08
84,-5.7618165e-05
85,-0.001254021593
86,0.003262467998
87,-0.00953015508
88,0.04007408972
89,0.02632920393
90,-0.04802758792
91,-0.003420564759
92,-0.004471137835
93,0.00060948031
94,-0.002882252863
95,-0.0001461052543
96,0.0009375910362
97,-0.002553218334
98,0.001885641971
99,-0.0008503582381
100,0.0006792395453
101,-0.0008125987878
102,0.0007658622753
103,-0.001108641444
104,0.0002901775304
105,-0.0001802157122
106,0.0002447152357
107,3.078805319e-05
108,-0.000130055979
109,0.0001016423617
110,0.0001402653092
111,-0.0001924410045
112,7.340501925e-05
113,7.660923058e-05
114,-4.186840422e-05
115,1.658382988e-05
116,1.22722227e-05
117,-8.80632641e-06
118,8.824533239e-05
119,-0.0002442508541
120,0.0003266318783
121,-0.0001657338271
122,0.0001011540098
123,-7.037328384e-05
124,0.0004900099563
125,-0.001042806162
126,0.0008785456185
127,-0.0001604601863
128,-0.0002412851848
129,0.0002735162811
130,2.742753607e-05
131,-0.0004487063331
132,0.0004776567212
133,-0.0001824510454
134,-0.0003760675065
135,0.0005153910277
136,3.744204251e-05
137,-0.0003664666534
138,0.0003854269167
139,-0.0003025603731
140,5.17828114e-05
141,0.0001467974811
142,-2.606403387e-05
143,2.565078656e-05
144,-5.695521802e-05
145,3.594881361e-05
146,-2.214878816e-05
147,-3.437880735e-05
148,6.289329616e-05
149,-5.404065405e-05
150,2.377875794e-05
151,-8.186625583e-06
152,1.920855463e-06
153,-2.867040547e-06
154,8.384102873e-06
155,-9.845935947e-06
156,1.10213747e-05
157,-8.210798215e-06
158,-2.147778456e-06
159,1.73139403e-05
160,-2.981974183e-05
161,3.287505186e-05
162,-1.940908865e-05
163,7.945775837e-06
164,-1.251653082e-05
165,2.629983563e-05
166,-3.398805465e-05
167,2.596418061e-05
168,-4.434848861e-06
169,-1.350807026e-05
170,2.218281971e-05
171,-1.559791646e-05
172,3.989405603e-07
173,7.370593614e-06
174,-3.520759228e-06
175,-8.581677767e-06
176,2.077970031e-05
177,-1.60473417e-05
178,-1.686897662e-06
179,1.71629081e-05
180,-1.915538217e-05
181,8.2269454e-06
182,3.257192551e-06
183,-6.629827527e-06
184,3.434154419e-06
185,1.94192239e-06
186,-4.853715424e-06
187,1.893963879e-06
188,1.880482954e-06
189,-3.789969824e-06
190,3.533885248e-06
191,-1.802591375e-06
192,3.056544976e-08
193,-3.542485036e-06
194,-5.559552354e-06
195,-5.606938302e-07
196,-1.979564158e-05
197,1.695044322e-05
198,3.698943088e-05
199,-1.38461531e-06
200,-2.601542292e-05
201,0.0001667116394
202,-0.000343844418
203,0.0002708655593
204,-8.052804893e-05
205,-3.931640095e-05
206,9.410649845e-05
207,3.305145298e-05
208,-0.0002571082527
209,0.0001825824352
210,-5.949881148e-05
211,6.359045051e-05
212,-0.0001720952201
213,0.0001692086766
214,-5.050859416e-05
215,-2.322035897e-05
216,0.0001282837239
217,-8.24339021e-05
218,-0.0001265003443
219,0.0001600943622
220,1.272876022e-05
221,-1.846352053e-05
222,-3.855658599e-06
223,-1.818227206e-05
224,1.236260486e-05
225,-1.290976488e-05
226,-2.717825612e-07
227,1.234151065e-06
228,3.051844919e-06
229,-1.194874671e-05
230,7.609190353e-06
231,-1.879244789e-06
232,-3.029248198e-06
233,1.957584905e-05
234,1.2138978e-05
235,-9.154332365e-06
236,1.401456857e-06
237,-1.815827168e-05
238,-0.0001300053042
239,3.225406936e-05
240,2.62320704e-05
241,5.665163581e-05
242,-2.808832227e-05
243,0.0003337120506
244,-0.0003933902643
245,0.0001265441773
246,8.548612953e-07
247,-5.383788786e-05
248,2.844003209e-05
249,7.252362403e-05
250,6.411365498e-05
251,-4.551797254e-05
252,9.00671476e-05
253,-0.0002623541583
254,-0.0001294420031
255,7.359574999e-05
256,7.339591036e-05
257,2.031986682e-06
258,2.327665683e-06
259,8.529058942e-06
260,2.009710746e-05
261,2.642822769e-05
262,-1.221122577e-05
263,-0.000184501274
264,0.0002335692777
265,4.864796251e-05
266,-6.903202297e-06
267,-2.886697063e-05
