freq,s11_r,s11_i,s21_r,s21_i
10000000,-0.0001832100254,-0.001016257658,0.9986414223,-0.006768834623
1000000000,-0.03726326743,-0.06904197548,0.8365461253,-0.5113980902
5000000000,-0.03497925471,-0.01030187088,-0.8479588354,-0.4355093128
1.001e+10,-0.1019917758,-0.06517639194,0.5111042608,0.7633996701
2.001e+10,-0.1491530253,-0.2596805931,-0.3585235156,0.7566205368
2.651e+10,-0.1915366104,-0.2985008974,0.1508336354,-0.7799750502
3.001e+10,-0.1304973821,-0.3195798668,-0.7806399443,0.07297715975
4.001e+10,-0.2427307884,-0.3585907443,-0.3896195404,-0.6034995717
5e+10,-0.3096351624,-0.4824082913,0.2854165515,-0.5546699115
