freq,zc,len,s11_r,s11_i,s21_r,s21_i
10000000,87.5,13.0,-0.0001826490467,-0.0008561503527,0.9986436288,-0.006458269426
1000000000,87.5,13.0,-0.03368016112,-0.05526399553,0.8526055532,-0.4861108374
5000000000,87.5,13.0,-0.04760132803,0.05743312177,-0.7702672445,-0.5581555763
1.001e+10,87.5,13.0,-0.1137821356,0.03161151319,0.2666830947,0.8794829712
2.001e+10,87.5,13.0,-0.04194614014,-0.0449366524,-0.7532981619,0.446885283
2.651e+10,87.5,13.0,-0.04921905482,-0.04479446159,0.6991327352,-0.4795181983
3.001e+10,87.5,13.0,-0.06987136958,0.04630398706,-0.5670056817,-0.6094966194
4.001e+10,87.5,13.0,-0.08141967384,-0.03956075011,0.4517946183,-0.6525161704
5e+10,87.5,13.0,-0.04036040785,0.02831249174,0.6967358826,0.3044837209
10000000,92.5,1.8,-1.436786294e-05,-6.923710737e-05,0.9998157094,-0.0008900546867
1000000000,92.5,1.8,-0.0005724596415,-0.005515079599,0.9951520899,-0.07122643366
5000000000,92.5,1.8,-0.009516153382,-0.02471856993,0.9330721962,-0.3402394302
1.001e+10,92.5,1.8,-0.03205700555,-0.03746241764,0.7589750722,-0.6328225591
2.001e+10,92.5,1.8,-0.07371458779,-0.01402888641,0.1864622481,-0.9614628903
2.651e+10,92.5,1.8,-0.07150426423,0.01791717627,-0.2424644594,-0.9444888433
3.001e+10,92.5,1.8,-0.05955293322,0.03073297294,-0.4577454555,-0.8589379466
4.001e+10,92.5,1.8,-0.01341605324,0.02618543303,-0.8924872829,-0.376705862
5e+10,92.5,1.8,-0.008423814783,-0.01930880275,-0.9247114124,0.2682023715
10000000,100.0,0.0,0,0,1,0
1000000000,100.0,0.0,0,0,1,0
5000000000,100.0,0.0,0,0,1,0
1.001e+10,100.0,0.0,0,0,1,0
2.001e+10,100.0,0.0,0,0,1,0
2.651e+10,100.0,0.0,0,0,1,0
3.001e+10,100.0,0.0,0,0,1,0
4.001e+10,100.0,0.0,0,0,1,0
5e+10,100.0,0.0,0,0,1,0
