sample,response
0,0.08838928222
1,0.1590322864
2,0.1268572058
3,0.1007130091
4,0.07950039132
5,0.06231818679
6,0.04842782215
7,0.03722413477
8,0.02821141683
9,0.02098375047
10,0.01520886608
11,0.01061489324
12,0.006979486744
13,0.004120902462
14,0.001890674031
15,0.0001676037777
16,-0.001147167493
17,-0.002134205079
18,-0.002859097979
19,-0.003375179796
20,-0.003725759878
21,-0.00394595253
22,-0.004064176373
23,-0.004103383058
24,-0.004082063886
25,-0.004015074267
26,-0.003914308716
27,-0.003789253284
28,-0.003647437479
29,-0.00349480377
30,-0.003336009544
31,-0.003174673692
32,-0.003013577842
33,-0.00285483043
34,-0.002700000357
35,-0.002550225738
36,-0.002406302283
37,-0.002268755013
38,-0.002137896367
39,-0.002013873177
40,-0.001896704576
41,-0.001786312494
42,-0.001682546127
43,-0.001585201489
44,-0.001494036981
45,-0.001408785715
46,-0.001329165208
47,-0.001254884957
48,-0.001185652298
49,-0.001121176875
50,-0.001061174015
51,-0.001005367198
52,-0.0009534898351
53,-0.0009052864767
54,-0.0008605135808
55,-0.0008189399361
56,-0.0007803468161
57,-0.0007445279272
58,-0.0007112892019
59,-0.000680448476
60,-0.000651835083
61,-0.000625289391
62,-0.0006006623014
63,-0.0005778147268
64,-0.0005566170591
65,-0.0005369486372
66,-0.0005186972226
67,-0.0005017584873
68,-0.0004860355181
69,-0.00047143834
70,-0.000457883461
71,-0.0004452934385
72,-0.0004335964687
73,-0.0004227259987
74,-0.0004126203608
75,-0.0004032224294
76,-0.0003944792984
77,-0.00038634198
78,-0.0003787651228
79,-0.0003717067485
80,-0.0003651280069
81,-0.0003589929472
82,-0.0003532683052
83,-0.0003479233061
84,-0.0003429294803
85,-0.0003382604927
86,-0.000333891985
87,-0.0003298014277
88,-0.0003259679851
89,-0.0003223723878
90,-0.0003189968163
91,-0.0003158247925
92,-0.0003128410791
93,-0.0003100315864
94,-0.0003073832866
95,-0.0003048841338
96,-0.0003025229901
97,-0.0003002895576
98,-0.000298174315
99,-0.0002961684593
100,-0.0002942638513
101,-0.0002924529663
102,-0.000290728847
103,-0.0002890850614
104,-0.0002875156627
105,-0.0002860151529
106,-0.0002845784491
107,-0.0002832008517
108,-0.0002818780162
109,-0.0002806059256
110,-0.0002793808662
111,-0.0002781994047
112,-0.0002770583666
113,-0.0002759548172
114,-0.0002748860432
115,-0.0002738495357
116,-0.0002728429756
117,-0.0002718642182
118,-0.000270911281
119,-0.0002699823308
120,-0.0002690756726
121,-0.0002681897393
122,-0.0002673230818
123,-0.0002664743604
124,-0.0002656423363
125,-0.0002648258638
126,-0.0002640238838
127,-0.0002632354168
128,-0.000262459557
129,-0.0002616954669
130,-0.0002609423719
131,-0.0002601995557
132,-0.0002594663558
133,-0.0002587421595
134,-0.0002580264002
135,-0.0002573185537
136,-0.0002566181353
137,-0.0002559246965
138,-0.0002552378226
139,-0.0002545571297
140,-0.0002538822629
141,-0.0002532128937
142,-0.0002525487181
143,-0.000251889455
144,-0.0002512348441
145,-0.0002505846445
146,-0.0002499386334
147,-0.0002492966043
148,-0.0002486583664
149,-0.0002480237426
150,-0.0002473925693
151,-0.0002467646948
152,-0.0002461399787
153,-0.0002455182908
154,-0.0002448995106
155,-0.0002442835265
156,-0.0002436702348
157,-0.0002430595396
158,-0.0002424513519
159,-0.0002418455893
160,-0.0002412421752
161,-0.0002406410386
162,-0.0002400421135
163,-0.0002394453388
164,-0.0002388506577
165,-0.0002382580173
166,-0.0002376673686
167,-0.0002370786659
168,-0.000236491867
169,-0.0002359069322
170,-0.0002353238249
171,-0.0002347425109
172,-0.0002341629581
173,-0.000233585137
174,-0.0002330090197
175,-0.0002324345804
176,-0.0002318617949
177,-0.0002312906405
178,-0.0002307210962
179,-0.000230153142
180,-0.0002295867594
181,-0.0002290219311
182,-0.0002284586407
183,-0.0002278968728
184,-0.0002273366129
185,-0.0002267778476
186,-0.0002262205639
187,-0.0002256647498
188,-0.0002251103939
189,-0.0002245574854
190,-0.0002240060139
191,-0.0002234559699
192,-0.0002229073441
193,-0.0002223601278
194,-0.0002218143126
195,-0.0002212698905
196,-0.0002207268541
197,-0.000220185196
198,-0.0002196449093
199,-0.0002191059873
200,-0.0002185684237
201,-0.0002180322123
202,-0.0002174973472
203,-0.0002169638226
204,-0.0002164316332
205,-0.0002159007734
206,-0.0002153712383
207,-0.0002148430227
208,-0.0002143161219
209,-0.000213790531
210,-0.0002132662455
211,-0.000212743261
212,-0.0002122215729
213,-0.0002117011772
214,-0.0002111820695
215,-0.0002106642458
216,-0.000210147702
217,-0.0002096324343
218,-0.0002091184388
219,-0.0002086057116
220,-0.000208094249
221,-0.0002075840474
222,-0.000207075103
223,-0.0002065674124
224,-0.000206060972
225,-0.0002055557783
226,-0.0002050518278
227,-0.0002045491171
228,-0.0002040476429
229,-0.0002035474018
230,-0.0002030483905
231,-0.0002025506057
232,-0.0002020540442
233,-0.0002015587027
234,-0.0002010645781
235,-0.0002005716671
236,-0.0002000799666
237,-0.0001995894735
238,-0.0001991001846
239,-0.0001986120969
240,-0.0001981252073
241,-0.0001976395127
242,-0.0001971550101
243,-0.0001966716965
244,-0.0001961895688
245,-0.0001957086241
246,-0.0001952288593
247,-0.0001947502716
248,-0.0001942728579
249,-0.0001937966153
250,-0.0001933215409
251,-0.0001928476317
252,-0.0001923748849
253,-0.0001919032975
254,-0.0001914328667
255,-0.0001909635896
256,-0.0001904954633
257,-0.000190028485
258,-0.0001895626518
259,-0.0001890979609
260,-0.0001886344094
261,-0.0001881719946
262,-0.0001877107136
263,-0.0001872505637
264,-0.000186791542
265,-0.0001863336457
266,-0.0001858768722
267,-0.0001854212185
268,-0.000184966682
269,-0.0001845132598
270,-0.0001840609494
271,-0.0001836097478
272,-0.0001831596525
273,-0.0001827106606
274,-0.0001822627694
275,-0.0001818159763
276,-0.0001813702786
277,-0.0001809256735
278,-0.0001804821583
279,-0.0001800397305
280,-0.0001795983873
281,-0.000179158126
282,-0.0001787189441
283,-0.0001782808387
284,-0.0001778438074
285,-0.0001774078475
286,-0.0001769729563
287,-0.0001765391312
288,-0.0001761063696
289,-0.0001756746689
290,-0.0001752440265
291,-0.0001748144397
292,-0.0001743859061
293,-0.000173958423
294,-0.0001735319878
295,-0.000173106598
296,-0.000172682251
297,-0.0001722589443
298,-0.0001718366752
299,-0.0001714154413
300,-0.00017099524
301,-0.0001705760688
302,-0.0001701579251
303,-0.0001697408065
304,-0.0001693247103
305,-0.0001689096342
306,-0.0001684955756
307,-0.000168082532
308,-0.000167670501
309,-0.00016725948
310,-0.0001668494665
311,-0.0001664404582
312,-0.0001660324525
313,-0.0001656254469
314,-0.0001652194391
315,-0.0001648144266
316,-0.0001644104069
317,-0.0001640073776
318,-0.0001636053362
319,-0.0001632042805
320,-0.0001628042078
321,-0.0001624051159
322,-0.0001620070023
323,-0.0001616098646
324,-0.0001612137005
325,-0.0001608185075
326,-0.0001604242832
327,-0.0001600310254
328,-0.0001596387316
329,-0.0001592473994
330,-0.0001588570265
331,-0.0001584676106
332,-0.0001580791492
333,-0.0001576916402
334,-0.000157305081
335,-0.0001569194695
336,-0.0001565348032
337,-0.0001561510799
338,-0.0001557682972
339,-0.0001553864529
340,-0.0001550055446
341,-0.00015462557
342,-0.0001542465269
343,-0.000153868413
344,-0.000153491226
345,-0.0001531149636
346,-0.0001527396235
347,-0.0001523652035
348,-0.0001519917014
349,-0.0001516191149
350,-0.0001512474417
351,-0.0001508766796
352,-0.0001505068264
353,-0.0001501378798
354,-0.0001497698377
355,-0.0001494026978
356,-0.0001490364578
357,-0.0001486711157
358,-0.0001483066691
359,-0.0001479431159
360,-0.0001475804539
361,-0.0001472186809
362,-0.0001468577948
363,-0.0001464977933
364,-0.0001461386744
365,-0.0001457804357
366,-0.0001454230752
367,-0.0001450665908
368,-0.0001447109802
369,-0.0001443562414
370,-0.0001440023721
371,-0.0001436493703
372,-0.0001432972338
373,-0.0001429459606
374,-0.0001425955484
375,-0.0001422459953
376,-0.000141897299
377,-0.0001415494575
378,-0.0001412024687
379,-0.0001408563304
380,-0.0001405110407
381,-0.0001401665974
382,-0.0001398229985
383,-0.0001394802419
384,-0.0001391383254
385,-0.0001387972472
386,-0.000138457005
387,-0.0001381175969
388,-0.0001377790208
389,-0.0001374412747
390,-0.0001371043565
391,-0.0001367682643
392,-0.0001364329959
393,-0.0001360985494
394,-0.0001357649227
395,-0.0001354321138
396,-0.0001351001208
397,-0.0001347689417
398,-0.0001344385744
399,-0.0001341090169
400,-0.0001337802673
401,-0.0001334523235
402,-0.0001331251837
403,-0.0001327988458
404,-0.0001324733079
405,-0.000132148568
406,-0.0001318246242
407,-0.0001315014744
408,-0.0001311791169
409,-0.0001308575495
410,-0.0001305367704
411,-0.0001302167776
412,-0.0001298975693
413,-0.0001295791435
414,-0.0001292614982
415,-0.0001289446316
416,-0.0001286285418
417,-0.0001283132268
418,-0.0001279986848
419,-0.0001276849138
420,-0.000127371912
421,-0.0001270596774
422,-0.0001267482083
423,-0.0001264375027
424,-0.0001261275587
425,-0.0001258183745
426,-0.0001255099483
427,-0.0001252022781
428,-0.0001248953621
429,-0.0001245891985
430,-0.0001242837854
431,-0.000123979121
432,-0.0001236752034
433,-0.0001233720308
434,-0.0001230696014
435,-0.0001227679134
436,-0.000122466965
437,-0.0001221667542
438,-0.0001218672794
439,-0.0001215685387
440,-0.0001212705303
441,-0.0001209732525
442,-0.0001206767034
443,-0.0001203808812
444,-0.0001200857842
445,-0.0001197914106
446,-0.0001194977586
447,-0.0001192048265
448,-0.0001189126124
449,-0.0001186211147
450,-0.0001183303315
451,-0.0001180402611
452,-0.0001177509018
453,-0.0001174622519
454,-0.0001171743095
455,-0.000116887073
456,-0.0001166005406
457,-0.0001163147105
458,-0.0001160295812
459,-0.0001157451508
460,-0.0001154614177
461,-0.00011517838
462,-0.0001148960363
463,-0.0001146143846
464,-0.0001143334234
465,-0.0001140531509
466,-0.0001137735654
467,-0.0001134946653
468,-0.000113216449
469,-0.0001129389146
470,-0.0001126620605
471,-0.0001123858851
472,-0.0001121103868
473,-0.0001118355637
474,-0.0001115614144
475,-0.0001112879371
476,-0.0001110151302
477,-0.000110742992
478,-0.000110471521
479,-0.0001102007154
480,-0.0001099305737
481,-0.0001096610941
482,-0.0001093922752
483,-0.0001091241153
484,-0.0001088566127
485,-0.0001085897658
486,-0.0001083235731
487,-0.0001080580329
488,-0.0001077931437
489,-0.0001075289038
490,-0.0001072653116
491,-0.0001070023656
492,-0.0001067400642
493,-0.0001064784057
494,-0.0001062173887
495,-0.0001059570116
496,-0.0001056972727
497,-0.0001054381705
498,-0.0001051797035
499,-0.0001049218701
500,-0.0001046646687
501,-0.0001044080978
502,-0.0001041521559
503,-0.0001038968413
504,-0.0001036421527
505,-0.0001033880884
506,-0.0001031346468
507,-0.0001028818266
508,-0.0001026296261
509,-0.0001023780438
510,-0.0001021270783
511,-0.0001018767279
512,-0.0001016269913
513,-0.0001013778669
514,-0.0001011293531
515,-0.0001008814486
516,-0.0001006341517
517,-0.0001003874611
518,-0.0001001413752
519,-9.989589252e-05
520,-9.965101162e-05
521,-9.940673102e-05
522,-9.916304924e-05
523,-9.891996481e-05
524,-9.867747626e-05
525,-9.843558215e-05
526,-9.8194281e-05
527,-9.795357137e-05
528,-9.771345181e-05
529,-9.747392087e-05
530,-9.72349771e-05
531,-9.699661907e-05
532,-9.675884534e-05
533,-9.652165448e-05
534,-9.628504506e-05
535,-9.604901566e-05
536,-9.581356485e-05
537,-9.557869122e-05
538,-9.534439334e-05
539,-9.511066982e-05
540,-9.487751923e-05
541,-9.464494018e-05
542,-9.441293127e-05
543,-9.418149109e-05
544,-9.395061826e-05
545,-9.372031138e-05
546,-9.349056906e-05
547,-9.326138993e-05
548,-9.303277259e-05
549,-9.280471569e-05
550,-9.257721783e-05
551,-9.235027765e-05
552,-9.212389378e-05
553,-9.189806486e-05
554,-9.167278953e-05
555,-9.144806643e-05
556,-9.12238942e-05
557,-9.100027151e-05
558,-9.077719699e-05
559,-9.055466931e-05
560,-9.033268713e-05
561,-9.011124911e-05
562,-8.989035391e-05
563,-8.96700002e-05
564,-8.945018666e-05
565,-8.923091196e-05
566,-8.901217478e-05
567,-8.879397381e-05
568,-8.857630773e-05
569,-8.835917522e-05
570,-8.814257499e-05
571,-8.792650572e-05
572,-8.771096611e-05
573,-8.749595487e-05
574,-8.72814707e-05
575,-8.706751231e-05
576,-8.685407841e-05
577,-8.664116771e-05
578,-8.642877893e-05
579,-8.621691079e-05
580,-8.600556202e-05
581,-8.579473134e-05
582,-8.558441748e-05
583,-8.537461918e-05
584,-8.516533517e-05
585,-8.495656419e-05
586,-8.474830498e-05
587,-8.454055629e-05
588,-8.433331687e-05
589,-8.412658547e-05
590,-8.392036084e-05
591,-8.371464174e-05
592,-8.350942693e-05
593,-8.330471518e-05
594,-8.310050525e-05
595,-8.289679592e-05
596,-8.269358594e-05
597,-8.249087411e-05
598,-8.22886592e-05
599,-8.208693999e-05
600,-8.188571527e-05
601,-8.168498382e-05
602,-8.148474444e-05
603,-8.128499592e-05
604,-8.108573705e-05
605,-8.088696664e-05
606,-8.068868348e-05
607,-8.049088639e-05
608,-8.029357417e-05
609,-8.009674564e-05
610,-7.99003996e-05
611,-7.970453488e-05
612,-7.950915029e-05
613,-7.931424466e-05
614,-7.911981682e-05
615,-7.892586558e-05
616,-7.87323898e-05
617,-7.853938829e-05
618,-7.834685989e-05
619,-7.815480346e-05
620,-7.796321782e-05
621,-7.777210183e-05
622,-7.758145434e-05
623,-7.739127419e-05
624,-7.720156023e-05
625,-7.701231134e-05
626,-7.682352637e-05
627,-7.663520417e-05
628,-7.644734362e-05
629,-7.625994359e-05
630,-7.607300293e-05
631,-7.588652054e-05
632,-7.570049529e-05
633,-7.551492605e-05
634,-7.53298117e-05
635,-7.514515114e-05
636,-7.496094325e-05
637,-7.477718692e-05
638,-7.459388104e-05
639,-7.441102451e-05
640,-7.422861623e-05
641,-7.404665509e-05
642,-7.386514001e-05
643,-7.368406989e-05
644,-7.350344363e-05
645,-7.332326016e-05
646,-7.314351838e-05
647,-7.296421721e-05
648,-7.278535558e-05
649,-7.260693239e-05
650,-7.242894659e-05
651,-7.22513971e-05
652,-7.207428284e-05
653,-7.189760276e-05
654,-7.172135578e-05
655,-7.154554085e-05
656,-7.13701569e-05
657,-7.119520288e-05
658,-7.102067774e-05
659,-7.084658042e-05
660,-7.067290987e-05
661,-7.049966506e-05
662,-7.032684493e-05
663,-7.015444845e-05
664,-6.998247457e-05
665,-6.981092226e-05
666,-6.963979049e-05
667,-6.946907822e-05
668,-6.929878444e-05
669,-6.91289081e-05
670,-6.895944819e-05
671,-6.879040369e-05
672,-6.862177358e-05
673,-6.845355684e-05
674,-6.828575246e-05
675,-6.811835943e-05
676,-6.795137674e-05
677,-6.778480339e-05
678,-6.761863837e-05
679,-6.745288067e-05
680,-6.728752931e-05
681,-6.712258329e-05
682,-6.695804161e-05
683,-6.679390328e-05
684,-6.663016731e-05
685,-6.646683271e-05
686,-6.630389851e-05
687,-6.614136372e-05
688,-6.597922736e-05
689,-6.581748846e-05
690,-6.565614604e-05
691,-6.549519912e-05
692,-6.533464675e-05
693,-6.517448794e-05
694,-6.501472174e-05
695,-6.485534719e-05
696,-6.469636332e-05
697,-6.453776918e-05
698,-6.437956381e-05
699,-6.422174626e-05
700,-6.406431558e-05
701,-6.390727082e-05
702,-6.375061102e-05
703,-6.359433526e-05
704,-6.343844259e-05
705,-6.328293207e-05
706,-6.312780276e-05
707,-6.297305372e-05
708,-6.281868404e-05
709,-6.266469277e-05
710,-6.251107898e-05
711,-6.235784176e-05
712,-6.220498018e-05
713,-6.205249332e-05
714,-6.190038026e-05
715,-6.174864008e-05
716,-6.159727187e-05
717,-6.144627472e-05
718,-6.129564772e-05
719,-6.114538996e-05
720,-6.099550054e-05
721,-6.084597855e-05
722,-6.069682309e-05
723,-6.054803327e-05
724,-6.039960818e-05
725,-6.025154694e-05
726,-6.010384865e-05
727,-5.995651242e-05
728,-5.980953736e-05
729,-5.966292259e-05
730,-5.951666723e-05
731,-5.93707704e-05
732,-5.922523121e-05
733,-5.908004879e-05
734,-5.893522226e-05
735,-5.879075075e-05
736,-5.86466334e-05
737,-5.850286933e-05
738,-5.835945768e-05
739,-5.821639758e-05
740,-5.807368818e-05
741,-5.79313286e-05
742,-5.7789318e-05
743,-5.764765552e-05
744,-5.750634031e-05
745,-5.736537151e-05
746,-5.722474828e-05
747,-5.708446976e-05
748,-5.694453512e-05
749,-5.680494351e-05
750,-5.666569409e-05
751,-5.652678601e-05
752,-5.638821846e-05
753,-5.624999058e-05
754,-5.611210154e-05
755,-5.597455053e-05
756,-5.58373367e-05
757,-5.570045923e-05
758,-5.55639173e-05
759,-5.542771008e-05
760,-5.529183675e-05
761,-5.51562965e-05
762,-5.502108851e-05
763,-5.488621196e-05
764,-5.475166604e-05
765,-5.461744994e-05
766,-5.448356285e-05
767,-5.435000397e-05
768,-5.421677249e-05
769,-5.408386761e-05
770,-5.395128853e-05
771,-5.381903445e-05
772,-5.368710456e-05
773,-5.355549809e-05
774,-5.342421423e-05
775,-5.32932522e-05
776,-5.31626112e-05
777,-5.303229045e-05
778,-5.290228916e-05
779,-5.277260655e-05
780,-5.264324184e-05
781,-5.251419425e-05
782,-5.238546301e-05
783,-5.225704733e-05
784,-5.212894644e-05
785,-5.200115957e-05
786,-5.187368596e-05
787,-5.174652483e-05
788,-5.161967542e-05
789,-5.149313696e-05
790,-5.136690869e-05
791,-5.124098985e-05
792,-5.111537969e-05
793,-5.099007744e-05
794,-5.086508236e-05
795,-5.074039368e-05
796,-5.061601066e-05
797,-5.049193254e-05
798,-5.036815859e-05
799,-5.024468805e-05
800,-5.012152018e-05
801,-4.999865424e-05
802,-4.987608949e-05
803,-4.975382519e-05
804,-4.963186061e-05
805,-4.9510195e-05
806,-4.938882764e-05
807,-4.926775779e-05
808,-4.914698473e-05
809,-4.902650773e-05
810,-4.890632606e-05
811,-4.8786439e-05
812,-4.866684583e-05
813,-4.854754582e-05
814,-4.842853826e-05
815,-4.830982243e-05
816,-4.819139762e-05
817,-4.807326311e-05
818,-4.795541819e-05
819,-4.783786215e-05
820,-4.772059428e-05
821,-4.760361387e-05
822,-4.748692023e-05
823,-4.737051265e-05
824,-4.725439042e-05
825,-4.713855285e-05
826,-4.702299924e-05
827,-4.69077289e-05
828,-4.679274112e-05
829,-4.667803522e-05
830,-4.65636105e-05
831,-4.644946629e-05
832,-4.633560188e-05
833,-4.622201659e-05
834,-4.610870974e-05
835,-4.599568065e-05
836,-4.588292863e-05
837,-4.577045301e-05
838,-4.565825311e-05
839,-4.554632825e-05
840,-4.543467776e-05
841,-4.532330096e-05
842,-4.521219719e-05
843,-4.510136577e-05
844,-4.499080604e-05
845,-4.488051734e-05
846,-4.477049899e-05
847,-4.466075033e-05
848,-4.455127071e-05
849,-4.444205946e-05
850,-4.433311593e-05
851,-4.422443946e-05
852,-4.41160294e-05
853,-4.400788508e-05
854,-4.390000587e-05
855,-4.379239111e-05
856,-4.368504015e-05
857,-4.357795235e-05
858,-4.347112705e-05
859,-4.336456363e-05
860,-4.325826143e-05
861,-4.315221981e-05
862,-4.304643815e-05
863,-4.294091579e-05
864,-4.28356521e-05
865,-4.273064646e-05
866,-4.262589822e-05
867,-4.252140675e-05
868,-4.241717143e-05
869,-4.231319163e-05
870,-4.220946673e-05
871,-4.210599609e-05
872,-4.200277909e-05
873,-4.189981512e-05
874,-4.179710354e-05
875,-4.169464376e-05
876,-4.159243513e-05
877,-4.149047706e-05
878,-4.138876892e-05
879,-4.128731011e-05
880,-4.118610001e-05
881,-4.108513801e-05
882,-4.098442351e-05
883,-4.088395589e-05
884,-4.078373455e-05
885,-4.06837589e-05
886,-4.058402832e-05
887,-4.048454221e-05
888,-4.038529999e-05
889,-4.028630104e-05
890,-4.018754477e-05
891,-4.008903059e-05
892,-3.999075791e-05
893,-3.989272612e-05
894,-3.979493465e-05
895,-3.96973829e-05
896,-3.960007028e-05
897,-3.950299622e-05
898,-3.940616011e-05
899,-3.930956139e-05
900,-3.921319946e-05
901,-3.911707376e-05
902,-3.902118369e-05
903,-3.892552868e-05
904,-3.883010816e-05
905,-3.873492155e-05
906,-3.863996827e-05
907,-3.854524776e-05
908,-3.845075944e-05
909,-3.835650275e-05
910,-3.826247712e-05
911,-3.816868197e-05
912,-3.807511676e-05
913,-3.79817809e-05
914,-3.788867384e-05
915,-3.779579503e-05
916,-3.770314389e-05
917,-3.761071987e-05
918,-3.751852242e-05
919,-3.742655098e-05
920,-3.733480499e-05
921,-3.724328391e-05
922,-3.715198717e-05
923,-3.706091424e-05
924,-3.697006456e-05
925,-3.687943759e-05
926,-3.678903277e-05
927,-3.669884957e-05
928,-3.660888745e-05
929,-3.651914585e-05
930,-3.642962424e-05
931,-3.634032208e-05
932,-3.625123883e-05
933,-3.616237396e-05
934,-3.607372693e-05
935,-3.59852972e-05
936,-3.589708425e-05
937,-3.580908753e-05
938,-3.572130653e-05
939,-3.563374072e-05
940,-3.554638955e-05
941,-3.545925252e-05
942,-3.537232909e-05
943,-3.528561875e-05
944,-3.519912096e-05
945,-3.51128352e-05
946,-3.502676097e-05
947,-3.494089773e-05
948,-3.485524498e-05
949,-3.476980219e-05
950,-3.468456886e-05
951,-3.459954446e-05
952,-3.451472848e-05
953,-3.443012043e-05
954,-3.434571977e-05
955,-3.426152601e-05
956,-3.417753865e-05
957,-3.409375716e-05
958,-3.401018105e-05
959,-3.392680982e-05
960,-3.384364297e-05
961,-3.376067998e-05
962,-3.367792037e-05
963,-3.359536363e-05
964,-3.351300926e-05
965,-3.343085678e-05
966,-3.334890568e-05
967,-3.326715547e-05
968,-3.318560567e-05
969,-3.310425577e-05
970,-3.302310529e-05
971,-3.294215373e-05
972,-3.286140062e-05
973,-3.278084547e-05
974,-3.270048778e-05
975,-3.262032708e-05
976,-3.254036288e-05
977,-3.246059471e-05
978,-3.238102207e-05
979,-3.23016445e-05
980,-3.222246151e-05
981,-3.214347262e-05
982,-3.206467737e-05
983,-3.198607527e-05
984,-3.190766585e-05
985,-3.182944864e-05
986,-3.175142318e-05
987,-3.167358898e-05
988,-3.159594558e-05
989,-3.151849251e-05
990,-3.14412293e-05
991,-3.13641555e-05
992,-3.128727063e-05
993,-3.121057424e-05
994,-3.113406586e-05
995,-3.105774502e-05
996,-3.098161128e-05
997,-3.090566416e-05
998,-3.082990322e-05
999,-3.0754328e-05
1000,-3.067893804e-05
1001,-3.060373289e-05
1002,-3.052871209e-05
1003,-3.04538752e-05
1004,-3.037922176e-05
1005,-3.030475132e-05
1006,-3.023046343e-05
1007,-3.015635765e-05
1008,-3.008243354e-05
1009,-3.000869063e-05
1010,-2.99351285e-05
1011,-2.986174669e-05
1012,-2.978854477e-05
1013,-2.971552229e-05
1014,-2.964267882e-05
1015,-2.957001392e-05
1016,-2.949752714e-05
1017,-2.942521805e-05
1018,-2.935308622e-05
1019,-2.928113121e-05
1020,-2.920935259e-05
1021,-2.913774992e-05
1022,-2.906632277e-05
1023,-2.899507072e-05
1024,-2.892399334e-05
1025,-2.885309019e-05
1026,-2.878236085e-05
1027,-2.871180489e-05
1028,-2.86414219e-05
1029,-2.857121143e-05
1030,-2.850117308e-05
1031,-2.843130642e-05
1032,-2.836161102e-05
1033,-2.829208647e-05
1034,-2.822273236e-05
1035,-2.815354825e-05
1036,-2.808453374e-05
1037,-2.801568841e-05
1038,-2.794701184e-05
1039,-2.787850363e-05
1040,-2.781016335e-05
1041,-2.77419906e-05
1042,-2.767398497e-05
1043,-2.760614604e-05
1044,-2.753847341e-05
1045,-2.747096668e-05
1046,-2.740362542e-05
1047,-2.733644924e-05
1048,-2.726943774e-05
1049,-2.72025905e-05
1050,-2.713590713e-05
1051,-2.706938723e-05
1052,-2.700303039e-05
1053,-2.693683621e-05
1054,-2.68708043e-05
1055,-2.680493426e-05
1056,-2.673922569e-05
1057,-2.66736782e-05
1058,-2.660829138e-05
1059,-2.654306485e-05
1060,-2.647799822e-05
1061,-2.641309109e-05
1062,-2.634834307e-05
1063,-2.628375377e-05
1064,-2.62193228e-05
1065,-2.615504977e-05
1066,-2.60909343e-05
1067,-2.602697601e-05
1068,-2.596317449e-05
1069,-2.589952938e-05
1070,-2.583604028e-05
1071,-2.577270682e-05
1072,-2.570952861e-05
1073,-2.564650528e-05
1074,-2.558363644e-05
1075,-2.552092171e-05
1076,-2.545836072e-05
1077,-2.539595308e-05
1078,-2.533369844e-05
1079,-2.52715964e-05
1080,-2.520964659e-05
1081,-2.514784865e-05
1082,-2.508620219e-05
1083,-2.502470685e-05
1084,-2.496336226e-05
1085,-2.490216805e-05
1086,-2.484112385e-05
1087,-2.478022929e-05
1088,-2.4719484e-05
1089,-2.465888762e-05
1090,-2.459843978e-05
1091,-2.453814013e-05
1092,-2.447798829e-05
1093,-2.44179839e-05
1094,-2.435812661e-05
1095,-2.429841605e-05
1096,-2.423885186e-05
1097,-2.417943368e-05
1098,-2.412016116e-05
1099,-2.406103394e-05
1100,-2.400205166e-05
1101,-2.394321397e-05
1102,-2.388452051e-05
1103,-2.382597093e-05
1104,-2.376756487e-05
1105,-2.370930199e-05
1106,-2.365118193e-05
1107,-2.359320435e-05
1108,-2.353536889e-05
1109,-2.34776752e-05
1110,-2.342012294e-05
1111,-2.336271177e-05
1112,-2.330544133e-05
1113,-2.324831128e-05
1114,-2.319132127e-05
1115,-2.313447097e-05
1116,-2.307776003e-05
1117,-2.302118811e-05
1118,-2.296475487e-05
1119,-2.290845997e-05
1120,-2.285230306e-05
1121,-2.279628382e-05
1122,-2.27404019e-05
1123,-2.268465696e-05
1124,-2.262904868e-05
1125,-2.257357671e-05
1126,-2.251824073e-05
1127,-2.246304039e-05
1128,-2.240797537e-05
1129,-2.235304533e-05
1130,-2.229824995e-05
1131,-2.224358889e-05
1132,-2.218906182e-05
1133,-2.213466842e-05
1134,-2.208040836e-05
1135,-2.202628131e-05
1136,-2.197228694e-05
1137,-2.191842494e-05
1138,-2.186469496e-05
1139,-2.18110967e-05
1140,-2.175762983e-05
1141,-2.170429403e-05
1142,-2.165108897e-05
1143,-2.159801433e-05
1144,-2.15450698e-05
1145,-2.149225506e-05
1146,-2.143956978e-05
1147,-2.138701366e-05
1148,-2.133458637e-05
1149,-2.128228759e-05
1150,-2.123011703e-05
1151,-2.117807434e-05
1152,-2.112615924e-05
1153,-2.10743714e-05
1154,-2.10227105e-05
1155,-2.097117625e-05
1156,-2.091976833e-05
1157,-2.086848643e-05
1158,-2.081733023e-05
1159,-2.076629944e-05
1160,-2.071539374e-05
1161,-2.066461284e-05
1162,-2.061395641e-05
1163,-2.056342416e-05
1164,-2.051301579e-05
1165,-2.046273098e-05
1166,-2.041256944e-05
1167,-2.036253086e-05
1168,-2.031261495e-05
1169,-2.02628214e-05
1170,-2.021314991e-05
1171,-2.016360018e-05
1172,-2.011417192e-05
1173,-2.006486482e-05
1174,-2.001567859e-05
1175,-1.996661294e-05
1176,-1.991766756e-05
1177,-1.986884217e-05
1178,-1.982013647e-05
1179,-1.977155016e-05
1180,-1.972308295e-05
1181,-1.967473455e-05
1182,-1.962650468e-05
1183,-1.957839303e-05
1184,-1.953039932e-05
1185,-1.948252326e-05
1186,-1.943476456e-05
1187,-1.938712294e-05
1188,-1.93395981e-05
1189,-1.929218977e-05
1190,-1.924489765e-05
1191,-1.919772145e-05
1192,-1.915066091e-05
1193,-1.910371573e-05
1194,-1.905688562e-05
1195,-1.901017032e-05
1196,-1.896356953e-05
1197,-1.891708297e-05
1198,-1.887071037e-05
1199,-1.882445145e-05
1200,-1.877830592e-05
1201,-1.873227352e-05
1202,-1.868635395e-05
1203,-1.864054695e-05
1204,-1.859485224e-05
1205,-1.854926955e-05
1206,-1.850379859e-05
1207,-1.84584391e-05
1208,-1.841319081e-05
1209,-1.836805343e-05
1210,-1.83230267e-05
1211,-1.827811035e-05
1212,-1.82333041e-05
1213,-1.818860769e-05
1214,-1.814402085e-05
1215,-1.80995433e-05
1216,-1.805517479e-05
1217,-1.801091504e-05
1218,-1.796676378e-05
1219,-1.792272076e-05
1220,-1.78787857e-05
1221,-1.783495834e-05
1222,-1.779123842e-05
1223,-1.774762567e-05
1224,-1.770411983e-05
1225,-1.766072065e-05
1226,-1.761742784e-05
1227,-1.757424117e-05
1228,-1.753116036e-05
1229,-1.748818516e-05
1230,-1.74453153e-05
1231,-1.740255054e-05
1232,-1.73598906e-05
1233,-1.731733524e-05
1234,-1.72748842e-05
1235,-1.723253723e-05
1236,-1.719029406e-05
1237,-1.714815444e-05
1238,-1.710611812e-05
1239,-1.706418485e-05
1240,-1.702235438e-05
1241,-1.698062644e-05
1242,-1.69390008e-05
1243,-1.689747719e-05
1244,-1.685605537e-05
1245,-1.68147351e-05
1246,-1.677351611e-05
1247,-1.673239817e-05
1248,-1.669138102e-05
1249,-1.665046442e-05
1250,-1.660964812e-05
1251,-1.656893188e-05
1252,-1.652831545e-05
1253,-1.648779858e-05
1254,-1.644738103e-05
1255,-1.640706256e-05
1256,-1.636684293e-05
1257,-1.632672189e-05
1258,-1.62866992e-05
1259,-1.624677462e-05
1260,-1.620694791e-05
1261,-1.616721883e-05
1262,-1.612758714e-05
1263,-1.60880526e-05
1264,-1.604861498e-05
1265,-1.600927403e-05
1266,-1.597002952e-05
1267,-1.593088121e-05
1268,-1.589182887e-05
1269,-1.585287226e-05
1270,-1.581401115e-05
1271,-1.57752453e-05
1272,-1.573657448e-05
1273,-1.569799846e-05
1274,-1.5659517e-05
1275,-1.562112987e-05
1276,-1.558283684e-05
1277,-1.554463768e-05
1278,-1.550653216e-05
1279,-1.546852005e-05
1280,-1.543060113e-05
1281,-1.539277515e-05
1282,-1.53550419e-05
1283,-1.531740115e-05
1284,-1.527985267e-05
1285,-1.524239624e-05
1286,-1.520503162e-05
1287,-1.51677586e-05
1288,-1.513057695e-05
1289,-1.509348644e-05
1290,-1.505648686e-05
1291,-1.501957798e-05
1292,-1.498275957e-05
1293,-1.494603142e-05
1294,-1.49093933e-05
1295,-1.487284499e-05
1296,-1.483638628e-05
1297,-1.480001694e-05
1298,-1.476373676e-05
1299,-1.472754551e-05
1300,-1.469144298e-05
1301,-1.465542895e-05
1302,-1.46195032e-05
1303,-1.458366552e-05
1304,-1.454791569e-05
1305,-1.45122535e-05
1306,-1.447667873e-05
1307,-1.444119116e-05
1308,-1.440579059e-05
1309,-1.43704768e-05
1310,-1.433524957e-05
1311,-1.43001087e-05
1312,-1.426505397e-05
1313,-1.423008517e-05
1314,-1.41952021e-05
1315,-1.416040453e-05
1316,-1.412569227e-05
1317,-1.40910651e-05
1318,-1.405652281e-05
1319,-1.40220652e-05
1320,-1.398769206e-05
1321,-1.395340318e-05
1322,-1.391919835e-05
1323,-1.388507737e-05
1324,-1.385104003e-05
1325,-1.381708613e-05
1326,-1.378321546e-05
1327,-1.374942783e-05
1328,-1.371572302e-05
1329,-1.368210083e-05
1330,-1.364856106e-05
1331,-1.361510351e-05
1332,-1.358172798e-05
1333,-1.354843426e-05
1334,-1.351522216e-05
1335,-1.348209147e-05
1336,-1.344904199e-05
1337,-1.341607354e-05
1338,-1.33831859e-05
1339,-1.335037888e-05
1340,-1.331765228e-05
1341,-1.328500591e-05
1342,-1.325243956e-05
1343,-1.321995305e-05
1344,-1.318754617e-05
1345,-1.315521874e-05
1346,-1.312297055e-05
1347,-1.309080141e-05
1348,-1.305871113e-05
1349,-1.302669951e-05
1350,-1.299476637e-05
1351,-1.296291151e-05
1352,-1.293113473e-05
1353,-1.289943585e-05
1354,-1.286781468e-05
1355,-1.283627102e-05
1356,-1.280480468e-05
1357,-1.277341549e-05
1358,-1.274210323e-05
1359,-1.271086774e-05
1360,-1.267970881e-05
1361,-1.264862627e-05
1362,-1.261761992e-05
1363,-1.258668958e-05
1364,-1.255583506e-05
1365,-1.252505618e-05
1366,-1.249435274e-05
1367,-1.246372457e-05
1368,-1.243317148e-05
1369,-1.240269329e-05
1370,-1.237228981e-05
1371,-1.234196087e-05
1372,-1.231170626e-05
1373,-1.228152583e-05
1374,-1.225141937e-05
1375,-1.222138672e-05
1376,-1.219142769e-05
1377,-1.21615421e-05
1378,-1.213172977e-05
1379,-1.210199052e-05
1380,-1.207232418e-05
1381,-1.204273055e-05
1382,-1.201320947e-05
1383,-1.198376076e-05
1384,-1.195438423e-05
1385,-1.192507972e-05
1386,-1.189584705e-05
1387,-1.186668603e-05
1388,-1.18375965e-05
1389,-1.180857828e-05
1390,-1.177963119e-05
1391,-1.175075506e-05
1392,-1.172194972e-05
1393,-1.169321499e-05
1394,-1.16645507e-05
1395,-1.163595667e-05
1396,-1.160743274e-05
1397,-1.157897874e-05
1398,-1.155059448e-05
1399,-1.15222798e-05
1400,-1.149403454e-05
1401,-1.146585851e-05
1402,-1.143775155e-05
1403,-1.140971349e-05
1404,-1.138174417e-05
1405,-1.13538434e-05
1406,-1.132601103e-05
1407,-1.129824689e-05
1408,-1.127055081e-05
1409,-1.124292262e-05
1410,-1.121536216e-05
1411,-1.118786926e-05
1412,-1.116044375e-05
1413,-1.113308548e-05
1414,-1.110579426e-05
1415,-1.107856995e-05
1416,-1.105141238e-05
1417,-1.102432138e-05
1418,-1.099729679e-05
1419,-1.097033844e-05
1420,-1.094344618e-05
1421,-1.091661985e-05
1422,-1.088985927e-05
1423,-1.086316429e-05
1424,-1.083653476e-05
1425,-1.08099705e-05
1426,-1.078347136e-05
1427,-1.075703718e-05
1428,-1.07306678e-05
1429,-1.070436305e-05
1430,-1.06781228e-05
1431,-1.065194686e-05
1432,-1.06258351e-05
1433,-1.059978734e-05
1434,-1.057380343e-05
1435,-1.054788322e-05
1436,-1.052202655e-05
1437,-1.049623327e-05
1438,-1.047050321e-05
1439,-1.044483623e-05
1440,-1.041923217e-05
1441,-1.039369087e-05
1442,-1.036821218e-05
1443,-1.034279595e-05
1444,-1.031744202e-05
1445,-1.029215025e-05
1446,-1.026692047e-05
1447,-1.024175254e-05
1448,-1.021664631e-05
1449,-1.019160162e-05
1450,-1.016661833e-05
1451,-1.014169627e-05
1452,-1.011683532e-05
1453,-1.00920353e-05
1454,-1.006729608e-05
1455,-1.00426175e-05
1456,-1.001799942e-05
1457,-9.993441689e-06
1458,-9.968944156e-06
1459,-9.944506675e-06
1460,-9.920129099e-06
1461,-9.895811282e-06
1462,-9.871553076e-06
1463,-9.847354336e-06
1464,-9.823214915e-06
1465,-9.79913467e-06
1466,-9.775113453e-06
1467,-9.751151121e-06
1468,-9.72724753e-06
1469,-9.703402535e-06
1470,-9.679615992e-06
1471,-9.655887759e-06
1472,-9.632217693e-06
1473,-9.60860565e-06
1474,-9.585051489e-06
1475,-9.561555068e-06
1476,-9.538116245e-06
1477,-9.514734879e-06
1478,-9.491410829e-06
1479,-9.468143955e-06
1480,-9.444934116e-06
1481,-9.421781173e-06
1482,-9.398684986e-06
1483,-9.375645416e-06
1484,-9.352662325e-06
1485,-9.329735573e-06
1486,-9.306865024e-06
1487,-9.284050538e-06
1488,-9.261291978e-06
1489,-9.238589209e-06
1490,-9.215942091e-06
1491,-9.19335049e-06
1492,-9.17081427e-06
1493,-9.148333293e-06
1494,-9.125907426e-06
1495,-9.103536533e-06
1496,-9.081220478e-06
1497,-9.058959129e-06
1498,-9.03675235e-06
1499,-9.014600008e-06
1500,-8.992501969e-06
1501,-8.9704581e-06
1502,-8.948468269e-06
1503,-8.926532343e-06
1504,-8.90465019e-06
1505,-8.882821678e-06
1506,-8.861046675e-06
1507,-8.839325051e-06
1508,-8.817656675e-06
1509,-8.796041415e-06
1510,-8.774479142e-06
1511,-8.752969727e-06
1512,-8.731513038e-06
1513,-8.710108948e-06
1514,-8.688757326e-06
1515,-8.667458046e-06
1516,-8.646210977e-06
1517,-8.625015993e-06
1518,-8.603872965e-06
1519,-8.582781766e-06
1520,-8.56174227e-06
1521,-8.540754349e-06
1522,-8.519817877e-06
1523,-8.498932728e-06
1524,-8.478098776e-06
1525,-8.457315895e-06
1526,-8.436583961e-06
1527,-8.415902848e-06
1528,-8.395272432e-06
1529,-8.374692589e-06
1530,-8.354163194e-06
1531,-8.333684124e-06
1532,-8.313255256e-06
1533,-8.292876467e-06
1534,-8.272547633e-06
1535,-8.252268632e-06
1536,-8.232039343e-06
1537,-8.211859643e-06
1538,-8.19172941e-06
1539,-8.171648525e-06
1540,-8.151616864e-06
1541,-8.131634309e-06
1542,-8.111700737e-06
1543,-8.091816031e-06
1544,-8.071980069e-06
1545,-8.052192732e-06
1546,-8.0324539e-06
1547,-8.012763456e-06
1548,-7.993121281e-06
1549,-7.973527255e-06
1550,-7.953981261e-06
1551,-7.934483182e-06
1552,-7.915032899e-06
1553,-7.895630296e-06
1554,-7.876275256e-06
1555,-7.856967662e-06
1556,-7.837707398e-06
1557,-7.818494348e-06
1558,-7.799328396e-06
1559,-7.780209427e-06
1560,-7.761137325e-06
1561,-7.742111976e-06
1562,-7.723133264e-06
1563,-7.704201077e-06
1564,-7.685315299e-06
1565,-7.666475817e-06
1566,-7.647682517e-06
1567,-7.628935287e-06
1568,-7.610234012e-06
1569,-7.591578581e-06
1570,-7.572968882e-06
1571,-7.554404801e-06
1572,-7.535886228e-06
1573,-7.517413051e-06
1574,-7.498985158e-06
1575,-7.480602438e-06
1576,-7.462264781e-06
1577,-7.443972076e-06
1578,-7.425724213e-06
1579,-7.407521083e-06
1580,-7.389362575e-06
1581,-7.371248579e-06
1582,-7.353178988e-06
1583,-7.335153692e-06
1584,-7.317172582e-06
1585,-7.299235551e-06
1586,-7.28134249e-06
1587,-7.263493291e-06
1588,-7.245687847e-06
1589,-7.22792605e-06
1590,-7.210207794e-06
1591,-7.192532972e-06
1592,-7.174901477e-06
1593,-7.157313204e-06
1594,-7.139768046e-06
1595,-7.122265897e-06
1596,-7.104806652e-06
1597,-7.087390206e-06
1598,-7.070016454e-06
1599,-7.052685292e-06
1600,-7.035396614e-06
1601,-7.018150317e-06
1602,-7.000946297e-06
1603,-6.983784451e-06
1604,-6.966664674e-06
1605,-6.949586864e-06
1606,-6.932550918e-06
1607,-6.915556733e-06
1608,-6.898604207e-06
1609,-6.881693238e-06
1610,-6.864823723e-06
1611,-6.847995562e-06
1612,-6.831208653e-06
1613,-6.814462895e-06
1614,-6.797758186e-06
1615,-6.781094427e-06
1616,-6.764471517e-06
1617,-6.747889355e-06
1618,-6.731347843e-06
1619,-6.714846879e-06
1620,-6.698386365e-06
1621,-6.681966202e-06
1622,-6.665586291e-06
1623,-6.649246533e-06
1624,-6.632946829e-06
1625,-6.616687082e-06
1626,-6.600467194e-06
1627,-6.584287066e-06
1628,-6.568146601e-06
1629,-6.552045703e-06
1630,-6.535984274e-06
1631,-6.519962217e-06
1632,-6.503979436e-06
1633,-6.488035835e-06
1634,-6.472131317e-06
1635,-6.456265786e-06
1636,-6.440439148e-06
1637,-6.424651307e-06
1638,-6.408902167e-06
1639,-6.393191635e-06
1640,-6.377519614e-06
1641,-6.361886011e-06
1642,-6.346290732e-06
1643,-6.330733683e-06
1644,-6.315214769e-06
1645,-6.299733898e-06
1646,-6.284290976e-06
1647,-6.26888591e-06
1648,-6.253518608e-06
1649,-6.238188976e-06
1650,-6.222896923e-06
1651,-6.207642357e-06
1652,-6.192425184e-06
1653,-6.177245315e-06
1654,-6.162102656e-06
1655,-6.146997118e-06
1656,-6.13192861e-06
1657,-6.116897039e-06
1658,-6.101902316e-06
1659,-6.086944351e-06
1660,-6.072023053e-06
1661,-6.057138333e-06
1662,-6.0422901e-06
1663,-6.027478266e-06
1664,-6.012702741e-06
1665,-5.997963436e-06
1666,-5.983260262e-06
1667,-5.968593131e-06
1668,-5.953961955e-06
1669,-5.939366645e-06
1670,-5.924807113e-06
1671,-5.910283272e-06
1672,-5.895795034e-06
1673,-5.881342312e-06
1674,-5.866925019e-06
1675,-5.852543068e-06
1676,-5.838196372e-06
1677,-5.823884846e-06
1678,-5.809608401e-06
1679,-5.795366954e-06
1680,-5.781160418e-06
1681,-5.766988707e-06
1682,-5.752851735e-06
1683,-5.738749419e-06
1684,-5.724681673e-06
1685,-5.710648411e-06
1686,-5.696649551e-06
1687,-5.682685006e-06
1688,-5.668754694e-06
1689,-5.65485853e-06
1690,-5.64099643e-06
1691,-5.627168312e-06
1692,-5.613374091e-06
1693,-5.599613684e-06
1694,-5.58588701e-06
1695,-5.572193984e-06
1696,-5.558534525e-06
1697,-5.544908551e-06
1698,-5.531315978e-06
1699,-5.517756726e-06
1700,-5.504230712e-06
1701,-5.490737856e-06
1702,-5.477278075e-06
1703,-5.46385129e-06
1704,-5.450457418e-06
1705,-5.437096379e-06
1706,-5.423768093e-06
1707,-5.41047248e-06
1708,-5.397209458e-06
1709,-5.38397895e-06
1710,-5.370780874e-06
1711,-5.357615151e-06
1712,-5.344481702e-06
1713,-5.331380448e-06
1714,-5.31831131e-06
1715,-5.305274209e-06
1716,-5.292269067e-06
1717,-5.279295805e-06
1718,-5.266354345e-06
1719,-5.25344461e-06
1720,-5.240566521e-06
1721,-5.22772e-06
1722,-5.214904971e-06
1723,-5.202121357e-06
1724,-5.18936908e-06
1725,-5.176648063e-06
1726,-5.16395823e-06
1727,-5.151299504e-06
1728,-5.138671809e-06
1729,-5.12607507e-06
1730,-5.113509209e-06
1731,-5.100974152e-06
1732,-5.088469823e-06
1733,-5.075996147e-06
1734,-5.063553048e-06
1735,-5.051140451e-06
1736,-5.038758283e-06
1737,-5.026406467e-06
1738,-5.01408493e-06
1739,-5.001793598e-06
1740,-4.989532397e-06
1741,-4.977301252e-06
1742,-4.965100089e-06
1743,-4.952928837e-06
1744,-4.94078742e-06
1745,-4.928675767e-06
1746,-4.916593803e-06
1747,-4.904541457e-06
1748,-4.892518655e-06
1749,-4.880525326e-06
1750,-4.868561397e-06
1751,-4.856626795e-06
1752,-4.84472145e-06
1753,-4.832845289e-06
1754,-4.82099824e-06
1755,-4.809180233e-06
1756,-4.797391196e-06
1757,-4.785631059e-06
1758,-4.773899749e-06
1759,-4.762197198e-06
1760,-4.750523333e-06
1761,-4.738878086e-06
1762,-4.727261385e-06
1763,-4.715673161e-06
1764,-4.704113344e-06
1765,-4.692581864e-06
1766,-4.681078651e-06
1767,-4.669603638e-06
1768,-4.658156754e-06
1769,-4.64673793e-06
1770,-4.635347098e-06
1771,-4.623984189e-06
1772,-4.612649134e-06
1773,-4.601341866e-06
1774,-4.590062316e-06
1775,-4.578810417e-06
1776,-4.567586099e-06
1777,-4.556389297e-06
1778,-4.545219942e-06
1779,-4.534077967e-06
1780,-4.522963305e-06
1781,-4.51187589e-06
1782,-4.500815653e-06
1783,-4.489782529e-06
1784,-4.478776451e-06
1785,-4.467797354e-06
1786,-4.456845169e-06
1787,-4.445919833e-06
1788,-4.435021279e-06
1789,-4.42414944e-06
1790,-4.413304253e-06
1791,-4.402485651e-06
1792,-4.39169357e-06
1793,-4.380927943e-06
1794,-4.370188707e-06
1795,-4.359475797e-06
1796,-4.348789148e-06
1797,-4.338128696e-06
1798,-4.327494377e-06
1799,-4.316886126e-06
1800,-4.30630388e-06
1801,-4.295747575e-06
1802,-4.285217146e-06
1803,-4.274712532e-06
1804,-4.264233669e-06
1805,-4.253780493e-06
1806,-4.243352941e-06
1807,-4.232950951e-06
1808,-4.22257446e-06
1809,-4.212223406e-06
1810,-4.201897726e-06
1811,-4.191597358e-06
1812,-4.18132224e-06
1813,-4.171072309e-06
1814,-4.160847506e-06
1815,-4.150647766e-06
1816,-4.14047303e-06
1817,-4.130323236e-06
1818,-4.120198323e-06
1819,-4.11009823e-06
1820,-4.100022895e-06
1821,-4.089972259e-06
1822,-4.07994626e-06
1823,-4.069944839e-06
1824,-4.059967935e-06
1825,-4.050015488e-06
1826,-4.040087438e-06
1827,-4.030183726e-06
1828,-4.02030429e-06
1829,-4.010449073e-06
1830,-4.000618015e-06
1831,-3.990811056e-06
1832,-3.981028137e-06
1833,-3.9712692e-06
1834,-3.961534186e-06
1835,-3.951823036e-06
1836,-3.942135691e-06
1837,-3.932472093e-06
1838,-3.922832185e-06
1839,-3.913215907e-06
1840,-3.903623202e-06
1841,-3.894054012e-06
1842,-3.88450828e-06
1843,-3.874985948e-06
1844,-3.865486959e-06
1845,-3.856011255e-06
1846,-3.846558779e-06
1847,-3.837129475e-06
1848,-3.827723286e-06
1849,-3.818340154e-06
1850,-3.808980024e-06
1851,-3.799642839e-06
1852,-3.790328543e-06
1853,-3.781037079e-06
1854,-3.771768392e-06
1855,-3.762522427e-06
1856,-3.753299126e-06
1857,-3.744098435e-06
1858,-3.734920298e-06
1859,-3.72576466e-06
1860,-3.716631466e-06
1861,-3.707520661e-06
1862,-3.698432189e-06
1863,-3.689365997e-06
1864,-3.680322029e-06
1865,-3.671300231e-06
1866,-3.662300549e-06
1867,-3.653322928e-06
1868,-3.644367315e-06
1869,-3.635433655e-06
1870,-3.626521895e-06
1871,-3.61763198e-06
1872,-3.608763858e-06
1873,-3.599917476e-06
1874,-3.591092778e-06
1875,-3.582289714e-06
1876,-3.573508228e-06
1877,-3.56474827e-06
1878,-3.556009785e-06
1879,-3.547292721e-06
1880,-3.538597026e-06
1881,-3.529922647e-06
1882,-3.521269533e-06
1883,-3.51263763e-06
1884,-3.504026887e-06
1885,-3.495437252e-06
1886,-3.486868674e-06
1887,-3.4783211e-06
1888,-3.469794479e-06
1889,-3.461288761e-06
1890,-3.452803892e-06
1891,-3.444339824e-06
1892,-3.435896503e-06
1893,-3.427473881e-06
1894,-3.419071905e-06
1895,-3.410690525e-06
1896,-3.402329692e-06
1897,-3.393989353e-06
1898,-3.38566946e-06
1899,-3.377369962e-06
1900,-3.369090809e-06
1901,-3.360831952e-06
1902,-3.352593339e-06
1903,-3.344374923e-06
1904,-3.336176652e-06
1905,-3.327998479e-06
1906,-3.319840354e-06
1907,-3.311702226e-06
1908,-3.303584049e-06
1909,-3.295485772e-06
1910,-3.287407346e-06
1911,-3.279348724e-06
1912,-3.271309857e-06
1913,-3.263290695e-06
1914,-3.255291192e-06
1915,-3.247311298e-06
1916,-3.239350966e-06
1917,-3.231410147e-06
1918,-3.223488794e-06
1919,-3.21558686e-06
1920,-3.207704296e-06
1921,-3.199841054e-06
1922,-3.191997089e-06
1923,-3.184172352e-06
1924,-3.176366796e-06
1925,-3.168580374e-06
1926,-3.16081304e-06
1927,-3.153064746e-06
1928,-3.145335446e-06
1929,-3.137625094e-06
1930,-3.129933642e-06
1931,-3.122261045e-06
1932,-3.114607256e-06
1933,-3.106972229e-06
1934,-3.099355919e-06
1935,-3.091758278e-06
1936,-3.084179263e-06
1937,-3.076618826e-06
1938,-3.069076923e-06
1939,-3.061553507e-06
1940,-3.054048534e-06
1941,-3.046561959e-06
1942,-3.039093736e-06
1943,-3.03164382e-06
1944,-3.024212167e-06
1945,-3.016798731e-06
1946,-3.009403468e-06
1947,-3.002026334e-06
1948,-2.994667284e-06
1949,-2.987326273e-06
1950,-2.980003258e-06
1951,-2.972698194e-06
1952,-2.965411038e-06
1953,-2.958141745e-06
1954,-2.950890272e-06
1955,-2.943656574e-06
1956,-2.936440609e-06
1957,-2.929242334e-06
1958,-2.922061703e-06
1959,-2.914898675e-06
1960,-2.907753206e-06
1961,-2.900625253e-06
1962,-2.893514774e-06
1963,-2.886421725e-06
1964,-2.879346063e-06
1965,-2.872287746e-06
1966,-2.865246732e-06
1967,-2.858222978e-06
1968,-2.851216442e-06
1969,-2.844227081e-06
1970,-2.837254854e-06
1971,-2.830299718e-06
1972,-2.823361632e-06
1973,-2.816440553e-06
1974,-2.809536441e-06
1975,-2.802649253e-06
1976,-2.795778948e-06
1977,-2.788925484e-06
1978,-2.782088821e-06
1979,-2.775268917e-06
1980,-2.768465731e-06
1981,-2.761679222e-06
1982,-2.754909349e-06
1983,-2.748156072e-06
1984,-2.74141935e-06
1985,-2.734699141e-06
1986,-2.727995406e-06
1987,-2.721308105e-06
1988,-2.714637196e-06
1989,-2.707982641e-06
1990,-2.701344398e-06
1991,-2.694722427e-06
1992,-2.68811669e-06
1993,-2.681527145e-06
1994,-2.674953754e-06
1995,-2.668396477e-06
1996,-2.661855274e-06
1997,-2.655330106e-06
1998,-2.648820933e-06
1999,-2.642327717e-06
